timestamp,price,crypto_id,crypto_name,extracted_at
2026-03-10 22:35:47.974,1.38398846558889,xrp,Ripple,2026-03-11 22:33:14.683727
2026-03-10 22:41:12.367,1.3840741867674238,xrp,Ripple,2026-03-11 22:33:14.683727
2026-03-10 22:46:01.013,1.384492056411797,xrp,Ripple,2026-03-11 22:33:14.683727
2026-03-10 22:50:53.634,1.384798240797208,xrp,Ripple,2026-03-11 22:33:14.683727
2026-03-10 22:56:03.298,1.3847235915661673,xrp,Ripple,2026-03-11 22:33:14.683727
2026-03-10 23:01:22.940,1.3843822988179326,xrp,Ripple,2026-03-11 22:33:14.683727
2026-03-10 23:05:53.557,1.3849323018205746,xrp,Ripple,2026-03-11 22:33:14.683727
2026-03-10 23:12:15.283,1.3852714043188943,xrp,Ripple,2026-03-11 22:33:14.683727
2026-03-10 23:15:21.118,1.3849602369561713,xrp,Ripple,2026-03-11 22:33:14.683727
2026-03-10 23:20:44.024,1.3857759514898556,xrp,Ripple,2026-03-11 22:33:14.683727
2026-03-10 23:25:50.816,1.3856725170933242,xrp,Ripple,2026-03-11 22:33:14.683727
2026-03-10 23:30:49.494,1.3852388000528681,xrp,Ripple,2026-03-11 22:33:14.683727
2026-03-10 23:35:17.075,1.3860636126383856,xrp,Ripple,2026-03-11 22:33:14.683727
2026-03-10 23:41:01.012,1.3868393122741136,xrp,Ripple,2026-03-11 22:33:14.683727
2026-03-10 23:45:40.113,1.386965994720038,xrp,Ripple,2026-03-11 22:33:14.683727
2026-03-10 23:50:46.688,1.3866150212863237,xrp,Ripple,2026-03-11 22:33:14.683727
2026-03-10 23:55:21.914,1.3859389773180206,xrp,Ripple,2026-03-11 22:33:14.683727
2026-03-11 00:00:43.479,1.3861847071218343,xrp,Ripple,2026-03-11 22:33:14.683727
2026-03-11 00:05:19.375,1.386100740699777,xrp,Ripple,2026-03-11 22:33:14.683727
2026-03-11 00:10:43.133,1.3858274789916556,xrp,Ripple,2026-03-11 22:33:14.683727
2026-03-11 00:15:50.105,1.3862311090652257,xrp,Ripple,2026-03-11 22:33:14.683727
2026-03-11 00:20:56.671,1.3863689724445403,xrp,Ripple,2026-03-11 22:33:14.683727
2026-03-11 00:25:45.405,1.3868868095650295,xrp,Ripple,2026-03-11 22:33:14.683727
2026-03-11 00:30:12.372,1.3868204567680218,xrp,Ripple,2026-03-11 22:33:14.683727
2026-03-11 00:36:20.061,1.3844158722028732,xrp,Ripple,2026-03-11 22:33:14.683727
2026-03-11 00:41:13.168,1.3840295540018561,xrp,Ripple,2026-03-11 22:33:14.683727
2026-03-11 00:46:00.437,1.3832285182634898,xrp,Ripple,2026-03-11 22:33:14.683727
2026-03-11 00:50:46.066,1.3851981952267358,xrp,Ripple,2026-03-11 22:33:14.683727
2026-03-11 00:55:22.073,1.3888629788894935,xrp,Ripple,2026-03-11 22:33:14.683727
2026-03-11 01:00:45.956,1.3892236405499407,xrp,Ripple,2026-03-11 22:33:14.683727
2026-03-11 01:04:54.068,1.3880187099056507,xrp,Ripple,2026-03-11 22:33:14.683727
2026-03-11 01:10:28.855,1.3884530107448527,xrp,Ripple,2026-03-11 22:33:14.683727
2026-03-11 01:15:24.887,1.3892831026640384,xrp,Ripple,2026-03-11 22:33:14.683727
2026-03-11 01:20:33.644,1.3879936457472923,xrp,Ripple,2026-03-11 22:33:14.683727
2026-03-11 01:24:04.419,1.3868724232720573,xrp,Ripple,2026-03-11 22:33:14.683727
2026-03-11 01:30:25.926,1.3870187289859288,xrp,Ripple,2026-03-11 22:33:14.683727
2026-03-11 01:34:24.373,1.387661116404434,xrp,Ripple,2026-03-11 22:33:14.683727
2026-03-11 01:40:12.929,1.3863288931662927,xrp,Ripple,2026-03-11 22:33:14.683727
2026-03-11 01:45:14.928,1.3860144169630817,xrp,Ripple,2026-03-11 22:33:14.683727
2026-03-11 01:49:24.537,1.3858972801960237,xrp,Ripple,2026-03-11 22:33:14.683727
2026-03-11 01:55:21.934,1.3879256304302356,xrp,Ripple,2026-03-11 22:33:14.683727
2026-03-11 02:00:25.009,1.3891884649382562,xrp,Ripple,2026-03-11 22:33:14.683727
2026-03-11 02:05:22.556,1.3899967374176603,xrp,Ripple,2026-03-11 22:33:14.683727
2026-03-11 02:10:37.071,1.389375332070735,xrp,Ripple,2026-03-11 22:33:14.683727
2026-03-11 02:15:33.629,1.388739889149179,xrp,Ripple,2026-03-11 22:33:14.683727
2026-03-11 02:20:31.147,1.3870655712699786,xrp,Ripple,2026-03-11 22:33:14.683727
2026-03-11 02:25:27.260,1.3854279788827624,xrp,Ripple,2026-03-11 22:33:14.683727
2026-03-11 02:31:30.972,1.385079330578811,xrp,Ripple,2026-03-11 22:33:14.683727
2026-03-11 02:35:09.373,1.384378834361332,xrp,Ripple,2026-03-11 22:33:14.683727
2026-03-11 02:39:58.829,1.3830530034407171,xrp,Ripple,2026-03-11 22:33:14.683727
2026-03-11 02:45:15.726,1.3803348521601815,xrp,Ripple,2026-03-11 22:33:14.683727
2026-03-11 02:50:51.299,1.3800661608339788,xrp,Ripple,2026-03-11 22:33:14.683727
2026-03-11 02:55:46.353,1.3800291865645262,xrp,Ripple,2026-03-11 22:33:14.683727
2026-03-11 03:01:08.009,1.3811771120052647,xrp,Ripple,2026-03-11 22:33:14.683727
2026-03-11 03:05:37.363,1.3816267883507687,xrp,Ripple,2026-03-11 22:33:14.683727
2026-03-11 03:10:43.782,1.3820815431622573,xrp,Ripple,2026-03-11 22:33:14.683727
2026-03-11 03:15:38.870,1.3820800010067689,xrp,Ripple,2026-03-11 22:33:14.683727
2026-03-11 03:20:33.900,1.3812498584691917,xrp,Ripple,2026-03-11 22:33:14.683727
2026-03-11 03:25:30.685,1.3793955693288587,xrp,Ripple,2026-03-11 22:33:14.683727
2026-03-11 03:30:12.928,1.3788579443780784,xrp,Ripple,2026-03-11 22:33:14.683727
2026-03-11 03:35:20.823,1.379501267714386,xrp,Ripple,2026-03-11 22:33:14.683727
2026-03-11 03:39:27.444,1.3798248475206465,xrp,Ripple,2026-03-11 22:33:14.683727
2026-03-11 03:46:31.984,1.3799165642795663,xrp,Ripple,2026-03-11 22:33:14.683727
2026-03-11 03:50:49.900,1.3796177240390624,xrp,Ripple,2026-03-11 22:33:14.683727
2026-03-11 03:55:41.819,1.3797711155890504,xrp,Ripple,2026-03-11 22:33:14.683727
2026-03-11 04:00:24.573,1.379333357215639,xrp,Ripple,2026-03-11 22:33:14.683727
2026-03-11 04:04:42.828,1.3783954704946164,xrp,Ripple,2026-03-11 22:33:14.683727
2026-03-11 04:10:42.615,1.3779084723324662,xrp,Ripple,2026-03-11 22:33:14.683727
2026-03-11 04:15:26.552,1.3782728660096026,xrp,Ripple,2026-03-11 22:33:14.683727
2026-03-11 04:20:20.001,1.3791077244252268,xrp,Ripple,2026-03-11 22:33:14.683727
2026-03-11 04:25:19.449,1.3798640552989394,xrp,Ripple,2026-03-11 22:33:14.683727
2026-03-11 04:31:18.737,1.3825786587701734,xrp,Ripple,2026-03-11 22:33:14.683727
2026-03-11 04:35:21.829,1.3836989347240072,xrp,Ripple,2026-03-11 22:33:14.683727
2026-03-11 04:40:11.115,1.384062643512886,xrp,Ripple,2026-03-11 22:33:14.683727
2026-03-11 04:45:09.363,1.3841310877070367,xrp,Ripple,2026-03-11 22:33:14.683727
2026-03-11 04:50:06.623,1.3841967034248788,xrp,Ripple,2026-03-11 22:33:14.683727
2026-03-11 04:55:27.829,1.3870610361143485,xrp,Ripple,2026-03-11 22:33:14.683727
2026-03-11 05:00:46.221,1.3878048886882783,xrp,Ripple,2026-03-11 22:33:14.683727
2026-03-11 05:05:02.609,1.3876017981950834,xrp,Ripple,2026-03-11 22:33:14.683727
2026-03-11 05:10:15.675,1.388107205620828,xrp,Ripple,2026-03-11 22:33:14.683727
2026-03-11 05:15:10.934,1.3881838513797888,xrp,Ripple,2026-03-11 22:33:14.683727
2026-03-11 05:20:18.104,1.3862154052792008,xrp,Ripple,2026-03-11 22:33:14.683727
2026-03-11 05:25:27.201,1.3847267592619892,xrp,Ripple,2026-03-11 22:33:14.683727
2026-03-11 05:30:38.580,1.3847442890037147,xrp,Ripple,2026-03-11 22:33:14.683727
2026-03-11 05:35:01.944,1.3848821430937572,xrp,Ripple,2026-03-11 22:33:14.683727
2026-03-11 05:39:44.468,1.3834654946007199,xrp,Ripple,2026-03-11 22:33:14.683727
2026-03-11 05:45:15.383,1.3793917155901618,xrp,Ripple,2026-03-11 22:33:14.683727
2026-03-11 05:50:10.195,1.3778012623765856,xrp,Ripple,2026-03-11 22:33:14.683727
2026-03-11 05:55:17.576,1.3766803239096062,xrp,Ripple,2026-03-11 22:33:14.683727
2026-03-11 06:00:24.790,1.3765179379708863,xrp,Ripple,2026-03-11 22:33:14.683727
2026-03-11 06:05:54.188,1.376859363508103,xrp,Ripple,2026-03-11 22:33:14.683727
2026-03-11 06:10:59.245,1.3770555861743508,xrp,Ripple,2026-03-11 22:33:14.683727
2026-03-11 06:15:51.696,1.3775841502641997,xrp,Ripple,2026-03-11 22:33:14.683727
2026-03-11 06:20:06.439,1.3784168522944118,xrp,Ripple,2026-03-11 22:33:14.683727
2026-03-11 06:24:23.700,1.3789920232096213,xrp,Ripple,2026-03-11 22:33:14.683727
2026-03-11 06:30:42.374,1.3790293370494566,xrp,Ripple,2026-03-11 22:33:14.683727
2026-03-11 06:35:25.570,1.3799640163733766,xrp,Ripple,2026-03-11 22:33:14.683727
2026-03-11 06:40:50.499,1.3808850833894095,xrp,Ripple,2026-03-11 22:33:14.683727
2026-03-11 06:45:21.867,1.3808828554784405,xrp,Ripple,2026-03-11 22:33:14.683727
2026-03-11 06:50:31.785,1.379753708493715,xrp,Ripple,2026-03-11 22:33:14.683727
2026-03-11 06:55:49.236,1.3812577943375783,xrp,Ripple,2026-03-11 22:33:14.683727
2026-03-11 07:01:04.351,1.3819074143546717,xrp,Ripple,2026-03-11 22:33:14.683727
2026-03-11 07:05:58.242,1.3818091808224342,xrp,Ripple,2026-03-11 22:33:14.683727
2026-03-11 07:10:54.024,1.3822494240284953,xrp,Ripple,2026-03-11 22:33:14.683727
2026-03-11 07:15:12.021,1.38179472690415,xrp,Ripple,2026-03-11 22:33:14.683727
2026-03-11 07:20:13.256,1.3812459245159008,xrp,Ripple,2026-03-11 22:33:14.683727
2026-03-11 07:25:41.319,1.3811498353752285,xrp,Ripple,2026-03-11 22:33:14.683727
2026-03-11 07:30:22.165,1.3810416364862044,xrp,Ripple,2026-03-11 22:33:14.683727
2026-03-11 07:35:22.581,1.3798856239555743,xrp,Ripple,2026-03-11 22:33:14.683727
2026-03-11 07:40:26.254,1.3759744488721806,xrp,Ripple,2026-03-11 22:33:14.683727
2026-03-11 07:44:46.928,1.3757980825247376,xrp,Ripple,2026-03-11 22:33:14.683727
2026-03-11 07:50:03.225,1.3758928986442172,xrp,Ripple,2026-03-11 22:33:14.683727
2026-03-11 07:55:17.295,1.3771595347130359,xrp,Ripple,2026-03-11 22:33:14.683727
2026-03-11 08:00:53.664,1.3787639887917462,xrp,Ripple,2026-03-11 22:33:14.683727
2026-03-11 08:05:27.797,1.3785259627215734,xrp,Ripple,2026-03-11 22:33:14.683727
2026-03-11 08:10:25.496,1.3776670688250274,xrp,Ripple,2026-03-11 22:33:14.683727
2026-03-11 08:15:13.465,1.3772647974111012,xrp,Ripple,2026-03-11 22:33:14.683727
2026-03-11 08:20:28.114,1.3761093561754518,xrp,Ripple,2026-03-11 22:33:14.683727
2026-03-11 08:25:20.101,1.3754137283259107,xrp,Ripple,2026-03-11 22:33:14.683727
2026-03-11 08:30:28.410,1.3738282638118349,xrp,Ripple,2026-03-11 22:33:14.683727
2026-03-11 08:35:41.195,1.3748991742338,xrp,Ripple,2026-03-11 22:33:14.683727
2026-03-11 08:40:48.786,1.3761592205897855,xrp,Ripple,2026-03-11 22:33:14.683727
2026-03-11 08:45:32.023,1.3770096556964837,xrp,Ripple,2026-03-11 22:33:14.683727
2026-03-11 08:50:28.941,1.376439840790304,xrp,Ripple,2026-03-11 22:33:14.683727
2026-03-11 08:55:46.786,1.3748691340271406,xrp,Ripple,2026-03-11 22:33:14.683727
2026-03-11 09:00:55.693,1.3748800690558018,xrp,Ripple,2026-03-11 22:33:14.683727
2026-03-11 09:05:04.893,1.3748520205604562,xrp,Ripple,2026-03-11 22:33:14.683727
2026-03-11 09:10:19.545,1.375194518358692,xrp,Ripple,2026-03-11 22:33:14.683727
2026-03-11 09:15:07.748,1.3751600625450227,xrp,Ripple,2026-03-11 22:33:14.683727
2026-03-11 09:20:36.347,1.3757357586295318,xrp,Ripple,2026-03-11 22:33:14.683727
2026-03-11 09:25:40.835,1.3761996261945633,xrp,Ripple,2026-03-11 22:33:14.683727
2026-03-11 09:30:37.843,1.3769736253578189,xrp,Ripple,2026-03-11 22:33:14.683727
2026-03-11 09:35:35.737,1.377593848138881,xrp,Ripple,2026-03-11 22:33:14.683727
2026-03-11 09:40:40.393,1.3768824486907376,xrp,Ripple,2026-03-11 22:33:14.683727
2026-03-11 09:45:53.569,1.3770160614463587,xrp,Ripple,2026-03-11 22:33:14.683727
2026-03-11 09:50:40.181,1.3784689066262803,xrp,Ripple,2026-03-11 22:33:14.683727
2026-03-11 09:55:50.156,1.3785094191295684,xrp,Ripple,2026-03-11 22:33:14.683727
2026-03-11 10:00:20.905,1.374900699396053,xrp,Ripple,2026-03-11 22:33:14.683727
2026-03-11 10:06:06.231,1.3741476206063514,xrp,Ripple,2026-03-11 22:33:14.683727
2026-03-11 10:10:42.648,1.375016159654769,xrp,Ripple,2026-03-11 22:33:14.683727
2026-03-11 10:15:35.501,1.376059337401742,xrp,Ripple,2026-03-11 22:33:14.683727
2026-03-11 10:20:07.320,1.376682699525258,xrp,Ripple,2026-03-11 22:33:14.683727
2026-03-11 10:25:07.610,1.3767691682934924,xrp,Ripple,2026-03-11 22:33:14.683727
2026-03-11 10:30:35.588,1.3764059859058448,xrp,Ripple,2026-03-11 22:33:14.683727
2026-03-11 10:35:34.986,1.377035494962852,xrp,Ripple,2026-03-11 22:33:14.683727
2026-03-11 10:41:12.213,1.3779394808038086,xrp,Ripple,2026-03-11 22:33:14.683727
2026-03-11 10:45:26.832,1.3785602742287324,xrp,Ripple,2026-03-11 22:33:14.683727
2026-03-11 10:50:15.860,1.3792316636126665,xrp,Ripple,2026-03-11 22:33:14.683727
2026-03-11 10:55:51.576,1.3784007002040983,xrp,Ripple,2026-03-11 22:33:14.683727
2026-03-11 11:00:51.738,1.3784565888621751,xrp,Ripple,2026-03-11 22:33:14.683727
2026-03-11 11:05:54.588,1.3784237334222735,xrp,Ripple,2026-03-11 22:33:14.683727
2026-03-11 11:10:41.415,1.3789754954337006,xrp,Ripple,2026-03-11 22:33:14.683727
2026-03-11 11:15:36.071,1.3792972173545675,xrp,Ripple,2026-03-11 22:33:14.683727
2026-03-11 11:21:17.212,1.3791711816985968,xrp,Ripple,2026-03-11 22:33:14.683727
2026-03-11 11:25:51.151,1.3773972984758402,xrp,Ripple,2026-03-11 22:33:14.683727
2026-03-11 11:30:53.096,1.3754772909620148,xrp,Ripple,2026-03-11 22:33:14.683727
2026-03-11 11:36:02.075,1.3760879125696996,xrp,Ripple,2026-03-11 22:33:14.683727
2026-03-11 11:42:22.036,1.375713116685508,xrp,Ripple,2026-03-11 22:33:14.683727
2026-03-11 11:46:00.675,1.3748969401662545,xrp,Ripple,2026-03-11 22:33:14.683727
2026-03-11 11:50:43.182,1.3750515925887061,xrp,Ripple,2026-03-11 22:33:14.683727
2026-03-11 11:56:02.955,1.3740000827947993,xrp,Ripple,2026-03-11 22:33:14.683727
2026-03-11 12:00:29.996,1.3737786438216417,xrp,Ripple,2026-03-11 22:33:14.683727
2026-03-11 12:06:03.284,1.373321141472562,xrp,Ripple,2026-03-11 22:33:14.683727
2026-03-11 12:11:50.811,1.3724967794091996,xrp,Ripple,2026-03-11 22:33:14.683727
2026-03-11 12:16:13.136,1.372940346182084,xrp,Ripple,2026-03-11 22:33:14.683727
2026-03-11 12:20:22.878,1.3742370563757869,xrp,Ripple,2026-03-11 22:33:14.683727
2026-03-11 12:24:24.274,1.377157335629355,xrp,Ripple,2026-03-11 22:33:14.683727
2026-03-11 12:30:33.050,1.379939395304912,xrp,Ripple,2026-03-11 22:33:14.683727
2026-03-11 12:35:44.491,1.3796305859028972,xrp,Ripple,2026-03-11 22:33:14.683727
2026-03-11 12:40:43.271,1.3811620793827104,xrp,Ripple,2026-03-11 22:33:14.683727
2026-03-11 12:45:50.068,1.3800690354942222,xrp,Ripple,2026-03-11 22:33:14.683727
2026-03-11 12:50:46.197,1.3805853722158232,xrp,Ripple,2026-03-11 22:33:14.683727
2026-03-11 12:55:52.032,1.382226762280329,xrp,Ripple,2026-03-11 22:33:14.683727
2026-03-11 13:00:53.193,1.3830372977953076,xrp,Ripple,2026-03-11 22:33:14.683727
2026-03-11 13:05:57.213,1.3838734695722952,xrp,Ripple,2026-03-11 22:33:14.683727
2026-03-11 13:11:27.954,1.3847285317355276,xrp,Ripple,2026-03-11 22:33:14.683727
2026-03-11 13:16:10.402,1.3899952436243226,xrp,Ripple,2026-03-11 22:33:14.683727
2026-03-11 13:20:48.702,1.3920976586559604,xrp,Ripple,2026-03-11 22:33:14.683727
2026-03-11 13:25:41.231,1.3950721653891722,xrp,Ripple,2026-03-11 22:33:14.683727
2026-03-11 13:29:54.923,1.3945437583650933,xrp,Ripple,2026-03-11 22:33:14.683727
2026-03-11 13:36:13.528,1.399789680095981,xrp,Ripple,2026-03-11 22:33:14.683727
2026-03-11 13:40:49.007,1.4050523874609828,xrp,Ripple,2026-03-11 22:33:14.683727
2026-03-11 13:45:57.421,1.4029951852467775,xrp,Ripple,2026-03-11 22:33:14.683727
2026-03-11 13:50:43.621,1.3963179939193786,xrp,Ripple,2026-03-11 22:33:14.683727
2026-03-11 13:55:45.142,1.3896137278519929,xrp,Ripple,2026-03-11 22:33:14.683727
2026-03-11 14:01:11.632,1.3913249706103874,xrp,Ripple,2026-03-11 22:33:14.683727
2026-03-11 14:05:39.025,1.3945730016557762,xrp,Ripple,2026-03-11 22:33:14.683727
2026-03-11 14:10:07.061,1.3944921918848154,xrp,Ripple,2026-03-11 22:33:14.683727
2026-03-11 14:15:18.121,1.3908716028276134,xrp,Ripple,2026-03-11 22:33:14.683727
2026-03-11 14:20:05.300,1.393086462248312,xrp,Ripple,2026-03-11 22:33:14.683727
2026-03-11 14:25:50.616,1.3953339821586368,xrp,Ripple,2026-03-11 22:33:14.683727
2026-03-11 14:30:39.755,1.3932856335011743,xrp,Ripple,2026-03-11 22:33:14.683727
2026-03-11 14:35:47.015,1.3929955517305161,xrp,Ripple,2026-03-11 22:33:14.683727
2026-03-11 14:41:20.681,1.3970854751271218,xrp,Ripple,2026-03-11 22:33:14.683727
2026-03-11 14:45:39.980,1.398361009321524,xrp,Ripple,2026-03-11 22:33:14.683727
2026-03-11 14:50:22.708,1.3995061962154074,xrp,Ripple,2026-03-11 22:33:14.683727
2026-03-11 14:55:27.874,1.3978338790470919,xrp,Ripple,2026-03-11 22:33:14.683727
2026-03-11 15:00:10.842,1.3954128048004542,xrp,Ripple,2026-03-11 22:33:14.683727
2026-03-11 15:04:39.294,1.3912382567152097,xrp,Ripple,2026-03-11 22:33:14.683727
2026-03-11 15:10:10.440,1.3873534765999027,xrp,Ripple,2026-03-11 22:33:14.683727
2026-03-11 15:15:19.002,1.3846441593284347,xrp,Ripple,2026-03-11 22:33:14.683727
2026-03-11 15:20:14.202,1.3837148850450607,xrp,Ripple,2026-03-11 22:33:14.683727
2026-03-11 15:25:10.885,1.385618466651569,xrp,Ripple,2026-03-11 22:33:14.683727
2026-03-11 15:30:17.371,1.3862890307776206,xrp,Ripple,2026-03-11 22:33:14.683727
2026-03-11 15:35:31.732,1.3787951057939292,xrp,Ripple,2026-03-11 22:33:14.683727
2026-03-11 15:40:30.676,1.3795062689363828,xrp,Ripple,2026-03-11 22:33:14.683727
2026-03-11 15:46:07.310,1.379934394997267,xrp,Ripple,2026-03-11 22:33:14.683727
2026-03-11 15:50:27.141,1.3787395154733846,xrp,Ripple,2026-03-11 22:33:14.683727
2026-03-11 15:56:12.374,1.381109193505259,xrp,Ripple,2026-03-11 22:33:14.683727
2026-03-11 16:01:21.602,1.3825250774571154,xrp,Ripple,2026-03-11 22:33:14.683727
2026-03-11 16:05:25.377,1.3830134532927585,xrp,Ripple,2026-03-11 22:33:14.683727
2026-03-11 16:10:52.308,1.3829911733528268,xrp,Ripple,2026-03-11 22:33:14.683727
2026-03-11 16:16:10.841,1.3835999332545086,xrp,Ripple,2026-03-11 22:33:14.683727
2026-03-11 16:20:50.601,1.3837782587238483,xrp,Ripple,2026-03-11 22:33:14.683727
2026-03-11 16:25:41.516,1.3834959981195978,xrp,Ripple,2026-03-11 22:33:14.683727
2026-03-11 16:30:55.400,1.384000547041307,xrp,Ripple,2026-03-11 22:33:14.683727
2026-03-11 16:35:51.597,1.386189771854049,xrp,Ripple,2026-03-11 22:33:14.683727
2026-03-11 16:40:56.635,1.3867900882770483,xrp,Ripple,2026-03-11 22:33:14.683727
2026-03-11 16:46:04.325,1.3883883547714893,xrp,Ripple,2026-03-11 22:33:14.683727
2026-03-11 16:51:17.721,1.3882687951296586,xrp,Ripple,2026-03-11 22:33:14.683727
2026-03-11 16:55:59.340,1.3882382755211802,xrp,Ripple,2026-03-11 22:33:14.683727
2026-03-11 17:01:03.234,1.387298084213431,xrp,Ripple,2026-03-11 22:33:14.683727
2026-03-11 17:06:06.290,1.3904275886558117,xrp,Ripple,2026-03-11 22:33:14.683727
2026-03-11 17:10:32.540,1.3912083703895632,xrp,Ripple,2026-03-11 22:33:14.683727
2026-03-11 17:15:43.289,1.3918597492585656,xrp,Ripple,2026-03-11 22:33:14.683727
2026-03-11 17:20:47.418,1.3924458256610466,xrp,Ripple,2026-03-11 22:33:14.683727
2026-03-11 17:25:41.270,1.3957592757533324,xrp,Ripple,2026-03-11 22:33:14.683727
2026-03-11 17:30:12.426,1.39917541836703,xrp,Ripple,2026-03-11 22:33:14.683727
2026-03-11 17:35:44.135,1.399033147410072,xrp,Ripple,2026-03-11 22:33:14.683727
2026-03-11 17:41:03.479,1.3953073795002413,xrp,Ripple,2026-03-11 22:33:14.683727
2026-03-11 17:45:21.941,1.3958110810042137,xrp,Ripple,2026-03-11 22:33:14.683727
2026-03-11 17:50:18.576,1.3972181919153626,xrp,Ripple,2026-03-11 22:33:14.683727
2026-03-11 17:55:25.014,1.3972495022709632,xrp,Ripple,2026-03-11 22:33:14.683727
2026-03-11 18:00:22.382,1.3977881358974202,xrp,Ripple,2026-03-11 22:33:14.683727
2026-03-11 18:05:25.871,1.3991067327349644,xrp,Ripple,2026-03-11 22:33:14.683727
2026-03-11 18:10:27.256,1.3994329440237137,xrp,Ripple,2026-03-11 22:33:14.683727
2026-03-11 18:16:12.108,1.400286759829246,xrp,Ripple,2026-03-11 22:33:14.683727
2026-03-11 18:20:49.492,1.4006642145114165,xrp,Ripple,2026-03-11 22:33:14.683727
2026-03-11 18:26:04.117,1.4019427691667177,xrp,Ripple,2026-03-11 22:33:14.683727
2026-03-11 18:30:23.177,1.4020760618585464,xrp,Ripple,2026-03-11 22:33:14.683727
2026-03-11 18:35:57.252,1.401341665590923,xrp,Ripple,2026-03-11 22:33:14.683727
2026-03-11 18:41:23.621,1.4008700578314326,xrp,Ripple,2026-03-11 22:33:14.683727
2026-03-11 18:46:07.010,1.4000958809711856,xrp,Ripple,2026-03-11 22:33:14.683727
2026-03-11 18:51:07.266,1.401560877513951,xrp,Ripple,2026-03-11 22:33:14.683727
2026-03-11 18:56:01.929,1.4033077365846067,xrp,Ripple,2026-03-11 22:33:14.683727
2026-03-11 19:01:45.955,1.4046679153508914,xrp,Ripple,2026-03-11 22:33:14.683727
2026-03-11 19:05:55.330,1.402467774796013,xrp,Ripple,2026-03-11 22:33:14.683727
2026-03-11 19:11:48.194,1.3994404383530488,xrp,Ripple,2026-03-11 22:33:14.683727
2026-03-11 19:16:04.484,1.3983683286719781,xrp,Ripple,2026-03-11 22:33:14.683727
2026-03-11 19:20:10.762,1.3969229220754915,xrp,Ripple,2026-03-11 22:33:14.683727
2026-03-11 19:24:10.547,1.3953301064352546,xrp,Ripple,2026-03-11 22:33:14.683727
2026-03-11 19:30:12.215,1.3937636829687536,xrp,Ripple,2026-03-11 22:33:14.683727
2026-03-11 19:35:15.293,1.3927147727818143,xrp,Ripple,2026-03-11 22:33:14.683727
2026-03-11 19:40:14.133,1.3935171104054054,xrp,Ripple,2026-03-11 22:33:14.683727
2026-03-11 19:45:09.426,1.3926050998655823,xrp,Ripple,2026-03-11 22:33:14.683727
2026-03-11 19:50:03.385,1.3906840522654864,xrp,Ripple,2026-03-11 22:33:14.683727
2026-03-11 19:55:12.433,1.3908368514512186,xrp,Ripple,2026-03-11 22:33:14.683727
2026-03-11 20:00:17.517,1.3896165951957713,xrp,Ripple,2026-03-11 22:33:14.683727
2026-03-11 20:05:09.754,1.3887532668817733,xrp,Ripple,2026-03-11 22:33:14.683727
2026-03-11 20:10:02.548,1.3892445098708348,xrp,Ripple,2026-03-11 22:33:14.683727
2026-03-11 20:15:45.269,1.3892718641789523,xrp,Ripple,2026-03-11 22:33:14.683727
2026-03-11 20:20:38.300,1.3914614654835729,xrp,Ripple,2026-03-11 22:33:14.683727
2026-03-11 20:25:53.659,1.3902758697506061,xrp,Ripple,2026-03-11 22:33:14.683727
2026-03-11 20:30:32.386,1.3889279903903258,xrp,Ripple,2026-03-11 22:33:14.683727
2026-03-11 20:35:05.304,1.3890693816969368,xrp,Ripple,2026-03-11 22:33:14.683727
2026-03-11 20:40:18.410,1.3907209103986256,xrp,Ripple,2026-03-11 22:33:14.683727
2026-03-11 20:45:11.780,1.3915337240491712,xrp,Ripple,2026-03-11 22:33:14.683727
2026-03-11 20:50:14.487,1.391779555808461,xrp,Ripple,2026-03-11 22:33:14.683727
2026-03-11 20:55:26.513,1.3910189008737144,xrp,Ripple,2026-03-11 22:33:14.683727
2026-03-11 21:00:30.151,1.3913500142163462,xrp,Ripple,2026-03-11 22:33:14.683727
2026-03-11 21:05:48.032,1.3915157738543924,xrp,Ripple,2026-03-11 22:33:14.683727
2026-03-11 21:10:42.594,1.3919976111632855,xrp,Ripple,2026-03-11 22:33:14.683727
2026-03-11 21:15:09.913,1.390888978288181,xrp,Ripple,2026-03-11 22:33:14.683727
2026-03-11 21:21:05.793,1.3902038111268042,xrp,Ripple,2026-03-11 22:33:14.683727
2026-03-11 21:25:11.690,1.390294273319388,xrp,Ripple,2026-03-11 22:33:14.683727
2026-03-11 21:30:59.531,1.3901144357021782,xrp,Ripple,2026-03-11 22:33:14.683727
2026-03-11 21:35:49.949,1.3904120729385443,xrp,Ripple,2026-03-11 22:33:14.683727
2026-03-11 21:40:58.975,1.3911793718911385,xrp,Ripple,2026-03-11 22:33:14.683727
2026-03-11 21:45:42.202,1.3911291085773219,xrp,Ripple,2026-03-11 22:33:14.683727
2026-03-11 21:51:06.272,1.3910523894437659,xrp,Ripple,2026-03-11 22:33:14.683727
2026-03-11 21:55:32.231,1.3918849869548087,xrp,Ripple,2026-03-11 22:33:14.683727
2026-03-11 22:00:14.271,1.39245919909456,xrp,Ripple,2026-03-11 22:33:14.683727
2026-03-11 22:05:34.383,1.3919126985689512,xrp,Ripple,2026-03-11 22:33:14.683727
2026-03-11 22:10:35.373,1.3916258464190523,xrp,Ripple,2026-03-11 22:33:14.683727
2026-03-11 22:16:07.249,1.3932147708760723,xrp,Ripple,2026-03-11 22:33:14.683727
2026-03-11 22:20:54.053,1.3933122073429007,xrp,Ripple,2026-03-11 22:33:14.683727
2026-03-11 22:26:21.242,1.391713670626551,xrp,Ripple,2026-03-11 22:33:14.683727
2026-03-11 22:31:54.000,1.3908135196252964,xrp,Ripple,2026-03-11 22:33:14.683727
